{"random_seed": 4110314, "camera_metadata": {"dist": 4.0, "theta": 2.6880942993257295, "phi": 0.7226306156837717, "near": 0.10000000149011612, "far": 100.0, "width": 448, "height": 448, "fov": 0.6108652353286743, "camera_matrix": [[710.4371948242188, 0.0, 224.0, 0.0], [0.0, 710.4371948242188, 224.0, 0.0], [0.0, 0.0, 1.0, 0.0], [0.0, 0.0, 0.0, 1.0]], "projection_matrix": [[3.1715946197509766, 0.0, 0.0, 0.0], [0.0, 3.1715946197509766, 0.0, 0.0], [0.0, 0.0, -1.0020020008087158, -0.20020020008087158], [0.0, 0.0, -1.0, 0.0]], "model_matrix": [[0.0, 0.0, -1.0, 0.0], [-1.0, 0.0, 0.0, 0.0], [0.0, 1.0, 0.0, 0.0], [0.0, 0.0, 0.0, 1.0]], "mat44": [[0.674251562843223, 0.4381129489896044, 0.5945097761442646, -2.697006251372892], [-0.3286147409602323, 0.8989199318780468, -0.28975042380643234, 1.3144589638409292], [-0.661360100117259, -0.0, 0.7500685421832389, 2.645440400469036], [0.0, 0.0, 0.0, 1.0]], "base_mat44": [[0.8989199318780468, 0.4381129489896044, 0.0, -2.697006251372892], [-0.4381129489896044, 0.8989199318780468, 0.0, 1.3144589638409292], [0.0, -0.0, 1.0, 2.645440400469036], [0.0, 0.0, 0.0, 1.0]], "cam2cambase": [[0.7500685421832389, 0.0, 0.661360100117259], [0.0, 1.0, -5.551115123125783e-17], [-0.661360100117259, 0.0, 0.7500685421832389]]}, "scene_settings": [{"name": "table", "shape_id": "35059", "fix_root_link": true, "state": "random-closed-middle", "init_x": 0, "init_y": 0, "init_z": 0, "init_quat": [1, 0, 0, 0], "joint_angles": [-0.0]}, {"name": "act-0-200516", "shape_id": "200516", "fix_root_link": false, "state": "locked", "init_z": 0.8890443476359862, "init_x": -0.5043957844298914, "init_y": 0.12012140491485113, "init_scale": 0.11243037042558661, "init_quat": [0.6363787566508624, 0.0, 0.0, 0.7713767419902563], "joint_angles": []}, {"name": "act-1-200516", "shape_id": "200516", "fix_root_link": false, "state": "locked", "init_z": 0.3027988134923574, "init_x": 0.42719516915838796, "init_y": -0.26166453515250643, "init_scale": 0.20140252558660332, "init_quat": [-0.8303360577553386, 0.0, 0.0, 0.5572629820751805], "joint_angles": []}], "pixel_locs": [52, 192], "position_cam": [3.8343758583068848, 0.17271055281162262, 0.9283193945884705], "position_world": [0.5158893486999454, -0.05930144522245251, 0.8058403739113951], "acting_object": {"name": "object", "shape_id": "200516", "fix_root_link": false, "state": "locked", "init_z": 0.8940367811479855, "init_x": 0.5158893486999454, "init_y": -0.05930144522245251, "init_scale": 0.1194585968226232, "init_quat": [-0.9405307447725283, 0.0, 0.0, 0.33970857825146716], "joint_angles": []}, "result": true}