{"random_seed": 9328964, "camera_metadata": {"dist": 4.0, "theta": 1.3190480854803055, "phi": 0.8976562322587816, "near": 0.10000000149011612, "far": 100.0, "width": 448, "height": 448, "fov": 0.6108652353286743, "camera_matrix": [[710.4371948242188, 0.0, 224.0, 0.0], [0.0, 710.4371948242188, 224.0, 0.0], [0.0, 0.0, 1.0, 0.0], [0.0, 0.0, 0.0, 1.0]], "projection_matrix": [[3.1715946197509766, 0.0, 0.0, 0.0], [0.0, 3.1715946197509766, 0.0, 0.0], [0.0, 0.0, -1.0020020008087158, -0.20020020008087158], [0.0, 0.0, -1.0, 0.0]], "model_matrix": [[0.0, 0.0, -1.0, 0.0], [-1.0, 0.0, 0.0, 0.0], [0.0, 1.0, 0.0, 0.0], [0.0, 0.0, 0.0, 1.0]], "mat44": [[-0.15529837370715216, 0.9684784194417596, -0.19476130570394323, 0.6211934948286085], [-0.6037922491682827, -0.24909747304136007, -0.7572221396451081, 2.4151689966731302], [-0.7818678500668897, 0.0, 0.6234441956035679, 3.1274714002675585], [0.0, 0.0, 0.0, 1.0]], "base_mat44": [[-0.2490974730413601, 0.9684784194417596, 0.0, 0.6211934948286085], [-0.9684784194417597, -0.24909747304136007, 0.0, 2.4151689966731302], [0.0, 0.0, 1.0, 3.1274714002675585], [0.0, 0.0, 0.0, 1.0]], "cam2cambase": [[0.6234441956035679, 0.0, 0.7818678500668896], [0.0, 0.9999999999999999, 0.0], [-0.7818678500668897, 0.0, 0.6234441956035679]]}, "scene_settings": [{"name": "table", "shape_id": "35059", "fix_root_link": true, "state": "random-closed-middle", "init_x": 0, "init_y": 0, "init_z": 0, "init_quat": [1, 0, 0, 0], "joint_angles": [-0.0]}, {"name": "act-0-200516", "shape_id": "200516", "fix_root_link": false, "state": "locked", "init_z": 0.8801396462410003, "init_x": 0.5057907600857434, "init_y": 0.20703246637615935, "init_scale": 0.18339808404162966, "init_quat": [0.9829046507994557, 0.0, 0.0, 0.1841153101640387], "joint_angles": []}, {"name": "act-1-200516", "shape_id": "200516", "fix_root_link": false, "state": "locked", "init_z": 0.8770123672622916, "init_x": 0.09254099991064768, "init_y": 0.3774712286274684, "init_scale": 0.09443604448417124, "init_quat": [0.9504829362249959, 0.0, 0.0, 0.310776749363768], "joint_angles": []}, {"name": "act-2-200516", "shape_id": "200516", "fix_root_link": false, "state": "locked", "init_z": 0.9248800133776502, "init_x": -0.5082958890407979, "init_y": 0.10809834190483247, "init_scale": 0.16740474447754833, "init_quat": [0.3967648418339451, 0.0, 0.0, 0.9179202908120533], "joint_angles": []}], "pixel_locs": [97, 120], "position_cam": [3.5130245685577393, 0.5142672061920166, 0.6279993653297424], "position_world": [0.45137320718902707, -0.3096056936010121, 0.7722729927747083], "acting_object": {"name": "object", "shape_id": "200516", "fix_root_link": false, "state": "locked", "init_z": 0.9616625178751612, "init_x": 0.45137320718902707, "init_y": -0.3096056936010121, "init_scale": 0.274048626329901, "init_quat": [-0.12815889201846725, 0.0, 0.0, 0.9917536480379585], "joint_angles": []}, "result": false}