{"random_seed": 652421, "camera_metadata": {"dist": 4.0, "theta": 4.745561705336203, "phi": 0.9614379825931433, "near": 0.10000000149011612, "far": 100.0, "width": 448, "height": 448, "fov": 0.6108652353286743, "camera_matrix": [[710.4371948242188, 0.0, 224.0, 0.0], [0.0, 710.4371948242188, 224.0, 0.0], [0.0, 0.0, 1.0, 0.0], [0.0, 0.0, 0.0, 1.0]], "projection_matrix": [[3.1715946197509766, 0.0, 0.0, 0.0], [0.0, 3.1715946197509766, 0.0, 0.0], [0.0, 0.0, -1.0020020008087158, -0.20020020008087158], [0.0, 0.0, -1.0, 0.0]], "model_matrix": [[0.0, 0.0, -1.0, 0.0], [-1.0, 0.0, 0.0, 0.0], [0.0, 1.0, 0.0, 0.0], [0.0, 0.0, 0.0, 1.0]], "mat44": [[-0.018982642224811695, -0.9994498356138568, -0.027197157675017004, 0.07593056889924678], [0.5720265284416246, -0.03316664124440309, 0.8195642895268123, -2.2881061137664984], [-0.8200154328140343, 0.0, 0.572341410302288, 3.2800617312561373], [0.0, 0.0, 0.0, 1.0]], "base_mat44": [[-0.033166641244403085, -0.9994498356138568, 0.0, 0.07593056889924678], [0.9994498356138566, -0.03316664124440309, 0.0, -2.2881061137664984], [0.0, 0.0, 1.0, 3.2800617312561373], [0.0, 0.0, 0.0, 1.0]], "cam2cambase": [[0.572341410302288, 0.0, 0.8200154328140346], [3.469446951953614e-18, 1.0, 3.469446951953614e-18], [-0.8200154328140343, 0.0, 0.572341410302288]]}, "scene_settings": [{"name": "table", "shape_id": "35059", "fix_root_link": true, "state": "random-closed-middle", "init_x": 0, "init_y": 0, "init_z": 0, "init_quat": [1, 0, 0, 0], "joint_angles": [-0.0]}], "pixel_locs": [156, 235], "position_cam": [4.07680082321167, -0.06312286108732224, 0.39021384716033936], "position_world": [0.05101754305940766, 0.36583101598272183, 0.16035768331683853], "acting_object": {"name": "object", "shape_id": "200516", "fix_root_link": false, "state": "locked", "init_z": 0.2698710123021837, "init_x": 0.05101754305940766, "init_y": 0.36583101598272183, "init_scale": 0.1520238660810262, "init_quat": [0.3969985789269732, 0.0, 0.0, 0.917819224210282], "joint_angles": []}, "result": false}